Class,Age,meanH,stdH,meanC,stdC,meanBlank,stdBlank,meanCOTL,stdCOTL,n
Fish,4,0.8299394369747896,0.020583238740410202,0.19662091596638662,0.01789370121852835,0.02685880672268908,0.13034483175819625,0.11834798319327731,0.044060234661081256,119
Fish,5,0.8394451397058826,0.014936874483502002,0.18976031617647063,0.01473946081917628,0.01634610294117647,0.12088824011943637,0.10360640441176468,0.04864631486623492,136
IceCream,4,0.8332712773109249,0.022250229481933843,0.1940789411764705,0.02101805674559181,0.01197294117647059,0.09179882945094837,0.12066067226890763,0.043344299345250296,119
IceCream,5,0.8384023088235297,0.01632998812841859,0.18992621323529407,0.015621417595087839,0.03786193382352941,0.18871036727022247,0.1180796470588235,0.0568584937515648,136
Pencil,4,0.8264921848739494,0.022861322197318328,0.19964435294117644,0.01473529685252401,0.05441002521008402,0.21922541543601323,0.10563057983193276,0.049455912784321716,119
Pencil,5,0.8318672573529416,0.022602030651477218,0.19542066911764708,0.01912710527906333,0.003946125000000001,0.015111722453697733,0.10343186029411766,0.05933652590676371,136
